学校,班级,章节中文全称(以#间隔)
北京创数自主打印示范学校,201501,集合高考真题#集合的概念与相互关系#集合的运算#节检测卷：集合的概念与运算
北京创数自主打印示范学校,201502,集合高考真题#集合的概念与相互关系#集合的运算#节检测卷：集合的概念与运算
北京创数自主打印示范学校,201503,集合高考真题#集合的概念与相互关系#集合的运算#节检测卷：集合的概念与运算
北京创数自主打印示范学校,201504,集合高考真题#集合的概念与相互关系#集合的运算#节检测卷：集合的概念与运算
北京创数自主打印示范学校,201505,集合高考真题#集合的概念与相互关系#集合的运算#节检测卷：集合的概念与运算
北京创数自主打印示范学校,201506,集合高考真题#集合的概念与相互关系#集合的运算#节检测卷：集合的概念与运算
北京创数自主打印示范学校,201507,集合高考真题#集合的概念与相互关系#集合的运算#节检测卷：集合的概念与运算
北京创数自主打印示范学校,201508,集合高考真题#集合的概念与相互关系#集合的运算#节检测卷：集合的概念与运算
北京创数自主打印示范学校,201509,集合高考真题#集合的概念与相互关系#集合的运算#节检测卷：集合的概念与运算
